city,count,avg_time
Metropolitian,30657,25.830413934827284
Semi-Urban,81,48.03703703703704
Urban,9298,22.01161540116154
