avg_time_taken,median_time_taken,avg_age,avg_rating,avg_distance_km,avg_pickup_delay
24.988460385652914,24,29.299380557498253,4.725019982016185,95.37704652242742,16.041312818463382
