weather_conditions,count,avg_time
Cloudy,6674,27.79217860353611
Fog,7343,27.72218439329974
Sandstorms,6425,24.499610894941632
Stormy,6501,24.473465620673743
Sunny,6700,20.348507462686566
Windy,6393,24.799311747223527
